<?xml version="1.0" encoding="UTF-8"?>
<DefaultAssociations>
  <Association Identifier=".pdf" ProgId="AcroExch.Document.DC" ApplicationName="Adobe Acrobat Reader DC" />
  <Association Identifier=".xht" ProgId="MSEdgeHTM" ApplicationName="Microsoft Edge" />
  <Association Identifier=".xhtml" ProgId="MSEdgeHTM" ApplicationName="Microsoft Edge" />
  <Association Identifier="ftp" ProgId="MSEdgeHTM" ApplicationName="Microsoft Edge" />
  <Association Identifier="http" ProgId="MSEdgeHTM" ApplicationName="Microsoft Edge" />
  <Association Identifier="https" ProgId="MSEdgeHTM" ApplicationName="Microsoft Edge" />
  <Association Identifier="mailto" ProgId="Outlook.URL.mailto.15" ApplicationName="Outlook" />
  <Association Identifier="microsoft-edge" ProgId="MSEdgeHTM" ApplicationName="Microsoft Edge" />
  <Association Identifier="microsoft-edge-holographic" ProgId="MSEdgeHTM" ApplicationName="Microsoft Edge" />
  <Association Identifier="ms-xbl-3d8b930f" ProgId="MSEdgeHTM" ApplicationName="Microsoft Edge" />
  <Association Identifier="read" ProgId="MSEdgeHTM" ApplicationName="Microsoft Edge" />
</DefaultAssociations>